Title	EN	DE	DE sentence_id
Lit_MagicMountain	The Magic Mountain - Foreword	Der Zauberberg - Vorsatz	0
Lit_MagicMountain	The story of Hans Castorp, which we would here set forth, not on his own account, for in him the reader will make acquaintance with a simple-minded though pleasing young man, but for the sake of the story itself, which seems to us highly worth telling — though it must needs be borne in mind, in Hans Castorp’s behalf, that it is his story, and not every story happens to everybody — this story, we say, belongs to the long ago; is already, so to speak, covered with historic mould, and unquestionably to be presented in the tense best suited to a narrative out of the depth or the past.	Die Geschichte Hans Castorps, die wir erzählen wollen, – nicht um seinetwillen (denn der Leser wird einen einfachen, wenn auch ansprechenden jungen Menschen in ihm kennenlernen), sondern um der Geschichte willen, die uns in hohem Grade erzählenswert scheint (wobei zu Hans Castorps Gunsten denn doch erinnert werden sollte, daß es seine Geschichte ist, und daß nicht jedem jede Geschichte passiert): diese Geschichte ist sehr lange her, sie ist sozusagen schon ganz mit historischem Edelrost überzogen und unbedingt in der Zeitform der tiefsten Vergangenheit vorzutragen.	0
Lit_MagicMountain	That should be no drawback to a story, but rather the reverse. Since histories must be in the past, then the more past the better, it would seem, for them in their character as histories, and for him, the teller of them, rounding wizard of times gone by. With this story, moreover, it stands as it does to-day with human beings, not least among them writers of tales: it is far older than its years; its age may not be measured by length of days, nor the weight of time on its head reckoned by the rising or setting of suns. In a word, the degree of its antiquity has noways to do with the passage of time — in which statement the author intentionally touches upon the strange and questionable double nature of that riddling element.	Das wäre kein Nachteil für eine Geschichte, sondern eher ein Vorteil; denn Geschichten müssen vergangen sein, und je vergangener, könnte man sagen, desto besser für sie in ihrer Eigenschaft als Geschichten und für den Erzähler, den raunenden Beschwörer des Imperfekts. Es steht jedoch so mit ihr, wie es heute auch mit den Menschen und unter diesen nicht zum wenigsten mit den Geschichtenerzählern steht: sie ist viel älter als ihre Jahre, ihre Betagtheit ist nicht nach Tagen, das Alter, das auf ihr liegt, nicht nach Sonnenumläufen zu berechnen; mit einem Worte: sie verdankt den Grad ihres Vergangenseins nicht eigentlich der Zeit, – eine Aussage, womit auf die Fragwürdigkeit und eigentümliche Zwienatur dieses geheimnisvollen Elementes im Vorbeigehen angespielt und hingewiesen sei.	1,2
Lit_MagicMountain	But we would not wilfully obscure a plain matter. The exaggerated pastness of our narrative is due to its taking place before the epoch when a certain crisis shattered its way through life and consciousness and left a deep chasm behind. It takes place — or, rather, deliberately to avoid the present tense, it took place, and had taken place — in the long ago, in the old days, the days of the world before the Great War, in the beginning of which so much began that has scarcely yet left off beginning. Yes, it took place before that; yet not so long before. Is not the pastness of the past the profounder, the completer, the more legendary, the more immediately before the present it falls? More than that, our story has, of its own nature, something of the legend about it now and again.	Um aber einen klaren Sachverhalt nicht künstlich zu verdunkeln: die hochgradige Verflossenheit unserer Geschichte rührt daher, daß sie vor einer gewissen, Leben und Bewußtsein tief zerklüftenden Wende und Grenze spielt ... Sie spielt, oder, um jedes Präsens geflissentlich zu vermeiden, sie spielte und hat gespielt vormals, ehedem, in den alten Tagen, der Welt vor dem großen Kriege, mit dessen Beginn so vieles begann, was zu beginnen wohl kaum schon aufgehört hat. Vorher also spielt sie, wenn auch nicht lange vorher. Aber ist der Vergangenheitscharakter einer Geschichte nicht desto tiefer, vollkommener und märchenhafter, je dichter „vorher“ sie spielt? Zudem könnte es sein, daß die unsrige mit dem Märchen auch sonst, ihrer inneren Natur nach, das eine und andre zu schaffen hat.	3,4,5
Lit_MagicMountain	We shall tell it at length, thoroughly, in detail - for when did a narrative seem too long or too short by reason of the actual time or space it took up? We do not fear being called meticulous, inclining as we do to the view that only the exhaustive can be truly interesting.	Wir werden sie ausführlich erzählen, genau und gründlich, – denn wann wäre je die Kurz- oder Langweiligkeit einer Geschichte abhängig gewesen von dem Raum und der Zeit, die sie in Anspruch nahm? Ohne Furcht vor dem Odium der Peinlichkeit, neigen wir vielmehr der Ansicht zu, daß nur das Gründliche wahrhaft unterhaltend sei.	6
Lit_MagicMountain	Not all in a minute, then, will the narrator be finished with the story of our Hans. The seven days of a week will not suffice, no, nor seven months either. Best not too soon make too plain how much mortal time must pass over his head while he sits spun round in his spell. Heaven forbid it should be seven years!	Im Handumdrehen also wird der Erzähler mit Hansens Geschichte nicht fertig werden. Die sieben Tage einer Woche werden dazu nicht reichen und auch sieben Monate nicht. Am besten ist es, er macht sich im voraus nicht klar, wieviel Erdenzeit ihm verstreichen wird, während sie ihn umsponnen hält. Es werden, in Gottes Namen, ja nicht geradezu sieben Jahre sein!	7,8,9
Ins_LearningMobility	REPORT FROM THE COMMISSION TO THE COUNCIL: Progress report on a Learning Mobility Benchmark	BERICHT DER KOMMISSION AN DEN RAT: Fortschrittsbericht über eine Benchmark für die Lernmobilität	0
Ins_LearningMobility	1. INTRODUCTION	1. EINFÜHRUNG	0,1
Ins_LearningMobility	The recent Commission Communication on Investing in Europe's Youth highlights the positive impact of learning mobility on employability and active citizenship. Learning, studying and training in another country is a unique experience and can open up new horizons. Skills gained during a mobility experience, such as problem-solving, adaptability, tolerance and confidence are valued by employers and essential for today's society.	In der jüngsten Mitteilung der Kommission „Investieren in Europas Jugend“ werden die positiven Auswirkungen der Lernmobilität auf Beschäftigungsfähigkeit und bürgerschaftliches Engagement hervorgehoben. In einem anderen Land zu lernen, zu studieren oder einer Ausbildung nachzugehen, ist eine einzigartige Erfahrung und kann neue Perspektiven eröffnen. Die Kompetenzen, die im Rahmen einer Mobilitätserfahrung erworben werden, etwa Problemlösungs- und Anpassungsfähigkeit sowie Toleranz und Zuversicht, werden von Arbeitgebern geschätzt und sind in der heutigen Gesellschaft unentbehrlich.	0,1,2
Ins_LearningMobility	The Commission encourages learning mobility of young people through its policies and programmes, including a dedicated benchmark and support from the Erasmus+ programme.	Die Kommission fördert die Lernmobilität junger Menschen im Rahmen ihrer politischen Konzepte und Programme, die auch eine spezielle Benchmark und die Unterstützung durch das Programm Erasmus+ umfassen.	3
Ins_LearningMobility	The 2011 Council conclusions on a benchmark for learning mobility (2011/C372/08) invite the Commission to: 'report back to the Council by the end of 2015, with a view to reviewing and, if necessary, revising the European benchmark on learning mobility.'	In seinen Schlussfolgerungen zu einer Benchmark für die Lernmobilität (2011/C 372/08) fordert der Rat die Kommission auf, „dem Rat bis Ende 2015 über die Ergebnisse im Hinblick auf eine Überprüfung und gegebenenfalls Überarbeitung der [...] europäischen Benchmark Bericht zu erstatten“.	4
Ins_LearningMobility	The Council conclusions also request the Commission and the Member States to carry out a number of other actions, in particular in regard to indicators on student, youth and teacher mobility. However, there is no obligation to report back to the Council linked to these actions. They are described in more detail in separate available Commission documentation.	Der Rat fordert die Kommission und die Mitgliedstaaten außerdem zur Durchführung einer Reihe weiterer Maßnahmen auf, die sich insbesondere auf Indikatoren für die Mobilität von Studentinnen und Studenten, jungen Menschen und Lehrkräften beziehen. Im Zusammenhang mit diesen Maßnahmen besteht jedoch keine Verpflichtung zur Berichterstattung an den Rat. Hierzu stehen separate Unterlagen der Kommission zur Verfügung, in denen die Maßnahmen eingehender beschrieben werden.	5,6
Ins_LearningMobility	The background to the 2011 Council conclusions is the Strategic Framework on European Cooperation in Education and Training 2020 which invites the Commission 'to submit a proposal for a benchmark in this area by the end 2010, focusing initially on physical mobility between countries in the field of higher education...'. The Council conclusions were preceded by the Commission staff working document of 24 May 2011 on the development of benchmarks on education for employability and on learning mobility (doc. 10697/11).	Hintergrund der Schlussfolgerungen des Rates von 2011 ist der strategische Rahmen für die europäische Zusammenarbeit auf dem Gebiet der allgemeinen und beruflichen Bildung 2020, in dem die Kommission ersucht wird, „bis Ende 2010 einen Vorschlag für eine Benchmark in diesem Bereich vorzulegen, der sich zunächst auf die physische Mobilität zwischen Ländern im Bereich der Hochschulbildung konzentrieren [...] sollte.“ Den Schlussfolgerungen des Rates ging eine Arbeitsunterlage der Kommissionsdienststellen vom 24. Mai 2011 zur Entwicklung von Benchmarks zu Bildung für Beschäftigungsfähigkeit und zu Mobilität zu Lernzwecken (Dok. 10697/11) voraus.	7,8,9
Ins_LearningMobility	This report fulfils the obligation of reporting back to the Council on the progress made regarding the mobility benchmark with a view to continuing the work towards 2020.	Mit dem vorliegenden Bericht wird die Verpflichtung zur Berichterstattung an den Rat über die erzielten Fortschritte bei der Mobilitätsbenchmark im Hinblick auf die Fortsetzung der Arbeit bis 2020 eingelöst.	10,11
Ins_LearningMobility	The learning mobility benchmark consists of two indicators and is defined in the annex of the 2011 conclusions as:	Die aus zwei Indikatoren bestehende Benchmark für die Lernmobilität wird im Anhang der Schlussfolgerungen von 2011 folgendermaßen definiert:	11
Ins_LearningMobility	- 'By 2020, an EU average of at least 20% of higher education graduates should have had a period of higher education-related study or training (including work placements) abroad, representing a minimum of 15 ECTS credits or lasting a minimum of 3 months.'	– „Bis 2020 sollten in der EU durchschnittlich mindestens 20 % der Hochschulabsolventen eine Studien- oder Ausbildungsphase (einschließlich Praktika) im Ausland absolviert haben, die mindestens 15 ECTS-Leistungspunkte abdeckt oder eine Mindestdauer von 3 Monaten umfasst.“	12
Ins_LearningMobility	- 'By 2020, an EU average of at least 6% of 18-34 year-olds with an initial vocational education and training qualification should have had an initial VET-related study or training period (including work placements) abroad lasting a minimum of 2 weeks, or less if documented by Europass.'	– „Bis 2020 sollten in der EU durchschnittlich mindestens 6 % der 18- bis 34-Jährigen mit abgeschlossener beruflicher Erstausbildung eine mit der Berufsausbildung zusammenhängende Ausbildungsphase (einschließlich Praktika) von mindestens zwei Wochen oder, sofern im ‚Europass‘ verzeichnet, auch von kürzerer Dauer im Ausland absolviert haben.“	12
Ins_LearningMobility	The focus of the benchmark is on outward mobility: in other words, the extent to which individuals go abroad to gain learning experiences and qualifications. Within the EU, this objective is linked to the EU basic principles of the free movement of people and work within the internal market.	Der Schwerpunkt der Benchmark liegt auf der ausgehenden Mobilität, mit anderen Worten auf dem Ausmaß, in dem Menschen ins Ausland gehen, um Lernerfahrungen und Qualifikationen zu erwerben. Innerhalb der EU steht dieses Ziel mit den Grundsätzen der Freizügigkeit von Personen und Arbeitskräften im Binnenmarkt in Verbindung.	13,14,15
Ins_LearningMobility	The EU benchmark measures the number of graduates who have both been mobile during their studies and have successfully completed their qualifications. It does not directly specify a geographical area, but the 2011 Conclusions underline that: 'learning mobility is defined as physical mobility and takes worldwide mobility into account'. The measurement of the IVET mobility benchmark indicator is in practice limited by the instrument implied in the Conclusions (a household survey of a specified broad age group), whereas the source for the higher education benchmark indicator is not specified.	Die EU-Benchmark misst die Zahl der Absolventen, die während ihres Studiums mobil waren und ihre Qualifikation erfolgreich abgeschlossen haben. Sie hat keinen direkten Bezug zu einem geografischen Gebiet, in den Schlussfolgerungen von 2011 wird jedoch betont: „Lernmobilität bedeutet physische Mobilität einschließlich weltweiter Mobilität.“ Die Messung des Indikators der Benchmark für die Mobilität in der Berufsausbildung wird in der Praxis durch das in den Schlussfolgerungen genannte Instrument (eine Haushaltserhebung bei einer bestimmten, breit angelegten Altersgruppe) begrenzt, während die Quelle für den Indikator im Bereich der Hochschulbildung nicht festgelegt ist.	16,17,18
Lit_NorthWind	The North Wind and the Sun	Der Nordwind und die Sonne	0
Lit_NorthWind	The North Wind and the Sun were arguing about which one of them was stronger, when a traveler came by wearing a heavy coat.	Einst stritten sich Nordwind und Sonne, wer von ihnen beiden wohl der Stärkere wäre, als ein Wanderer, der in einen warmen Mantel gehüllt war, des Weges daherkam.	0
Lit_NorthWind	They agreed that whoever got the traveler to take off his coat first would be considered stronger.	Sie wurden einig, dass derjenige für den Stärkeren gelten sollte, der den Wanderer zwingen würde, seinen Mantel abzunehmen.	1
Lit_NorthWind	The North Wind blew as hard as he could, but the harder he blew, the tighter the traveler wrapped his coat around him, and finally the North Wind had to give up.	Der Nordwind blies mit aller Macht, aber je mehr er blies, desto fester hüllte sich der anderer in seinen Mantel ein. Endlich gab der Nordwind den Kampf auf. Nun erwärmte die Sonne die Luft mit ihren	2,3
Lit_NorthWind	Then the sun began to shine, and the traveler immediately took off his coat.	freundlichen Strahlen, und schon nach wenigen Augenblicken zog der Wanderer seinen Mantel aus.	4
Lit_NorthWind	And so the North Wind had to admit that the Sun was stronger.	Da musste der Nordwind zugeben, dass die Sonne von ihnen beiden der Stärkere war.	5
Ins_HumanRights	Universal Declaration of Human Rights - Preamble	Die Allgemeine Erklärung der Menschenrechte - Präambel	0
Ins_HumanRights	Whereas recognition of the inherent dignity and of the equal and inalienable rights of all members of the human family is the foundation of freedom, justice and peace in the world,	Da die Anerkennung der angeborenen Würde und der gleichen und unveräußerlichen Rechte aller Mitglieder der Gemeinschaft der Menschen die Grundlage von Freiheit, Gerechtigkeit und Frieden in der Welt bildet,	0
Ins_HumanRights	Whereas disregard and contempt for human rights have resulted in barbarous acts which have outraged the conscience of mankind, and the advent of a world in which human beings shall enjoy freedom of speech and belief and freedom from fear and want has been proclaimed as the highest aspiration of the common people,	da die Nichtanerkennung und Verachtung der Menschenrechte zu Akten der Barbarei geführt haben, die das Gewissen der Menschheit mit Empörung erfüllen, und da verkündet worden ist, daß einer Welt, in der die Menschen Rede- und Glaubensfreiheit und Freiheit von Furcht und Not genießen, das höchste Streben des Menschen gilt,	0
Ins_HumanRights	Whereas it is essential, if man is not to be compelled to have recourse, as a last resort, to rebellion against tyranny and oppression, that human rights should be protected by the rule of law,	da es notwendig ist, die Menschenrechte durch die Herrschaft des Rechtes zu schützen, damit der Mensch nicht gezwungen wird, als letztes Mittel zum Aufstand gegen Tyrannei und Unterdrückung zu greifen,	0
Ins_HumanRights	Whereas it is essential to promote the development of friendly relations between nations,	da es notwendig ist, die Entwicklung freundschaftlicher Beziehungen zwischen den Nationen zu fördern,	N/A
Ins_HumanRights	Whereas the peoples of the United Nations have in the Charter reaffirmed their faith in fundamental human rights, in the dignity and worth of the human person and in the equal rights of men and women and have determined to promote social progress and better standards of life in larger freedom,	da die Völker der Vereinten Nationen in der Charta ihren Glauben an die grundlegenden Menschenrechte, an die Würde und den Wert der menschlichen Person und an die Gleichberechtigung von Mann und Frau erneut bekräftigt und beschlossen haben, den sozialen Fortschritt und bessere Lebensbedingungen in größerer Freiheit zu fördern,	0
Ins_HumanRights	Whereas Member States have pledged themselves to achieve, in co-operation with the United Nations, the promotion of universal respect for and observance of human rights and fundamental freedoms,	da die Mitgliedstaaten sich verpflichtet haben, in Zusammenarbeit mit den Vereinten Nationen auf die allgemeine Achtung und Einhaltung der Menschenrechte und Grundfreiheiten hinzuwirken,	0
Ins_HumanRights	Whereas a common understanding of these rights and freedoms is of the greatest importance for the full realization of this pledge,	da ein gemeinsames Verständnis dieser Rechte und Freiheiten von größter Wichtigkeit für die volle Erfüllung dieser Verpflichtung ist,	0
Ins_HumanRights	Now, therefore, The General Assembly, proclaims this Universal Declaration of Human Rights as a common standard of achievement for all peoples and all nations, to the end that every individual and every organ of society, keeping this Declaration constantly in mind, shall strive by teaching and education to promote respect for these rights and freedoms and by progressive measures, national and international, to secure their universal and effective recognition and observance, both among the peoples of Member States themselves and among the peoples of territories under their jurisdiction.	verkündet die Generalversammlung diese Allgemeine Erklärung der Menschenrechte als das von allen Völkern und Nationen zu erreichende gemeinsame Ideal, damit jeder einzelne und alle Organe der Gesellschaft sich diese Erklärung stets gegenwärtig halten und sich bemühen, durch Unterricht und Erziehung die Achtung vor diesen Rechten und Freiheiten zu fördern und durch fortschreitende nationale und internationale Maßnahmen ihre allgemeine und tatsächliche Anerkennung und Einhaltung durch die Bevölkerung der Mitgliedstaaten selbst wie auch durch die Bevölkerung der ihrer Hoheitsgewalt unterstehenden Gebiete zu gewährleisten.	0
Lit_Solaris	Solaris - Chapter 2: The Solarists	Solaris - Kapitel 2: Die Solaristen	0
Lit_Solaris	The discovery of Solaris dated from about 100 years before I was born.	Die Entdeckung der Solaris erfolgte nahezu hundert Jahre, bevor ich geboren wurde.	0
Lit_Solaris	The planet orbits two suns: a red sun and a blue sun. For 45 years after its discovery, no spacecraft had visited Solaris. At that time, the Gamow-Shapley theory — that life was impossible on planets which are satellites of two solar bodies — was firmly believed. The orbit is constantly being modified by variations in the gravitational pull in the course of its revolutions around the two suns.	Der Planet kreist um zwei Sonnen, eine rote und eine blaue. Über vierzig Jahre lang näherte sich ihm kein Raumschiff, die Gamov-Shapleysche Theorie über die Unmöglichkeit der Entstehung von Leben auf Planeten von Doppelsternen galt damals für erwiesen. Die Bahnen solcher Planeten ändern sich unentwegt infolge des Wechselspiels der Massenanziehungen, das vor sich geht, während die beiden Sonnen einander umkreisen.	1,2,3
Lit_Solaris	Due to these fluctuations in gravity, the orbit is either flattened or distended and the elements of life, if they appear, are inevitably destroyed, either by intense heat or an extreme drop in temperature. These changes take place at intervals estimated in millions of years — very short intervals, that is, according to the laws of astronomy and biology (evolution takes hundreds of millions of years if not a billion).	Die entstehenden Perturbationen kürzen und längen abwechselnd die Bahn des Planeten, und sollten Urkeim e von Leben entstehen, so unterliegen sie der Zerstörung durch glutheiße Strahlung oder auch durch eisige Kälte. Diese Änderungen vollziehen sich im Zeitraum von Jahrmillionen, also der astronomischen oder biologischen Größenordnung nach (da die Evolution hunderte Millionen, wenn nicht eine Milliarde von Jahren erfordert) - in sehr kurzer Zeit.	4,5
Lit_Solaris	According to the earliest calculations, in 500,000 years’ time Solaris would be drawn one half of an astronomic unit nearer to its red sun, and a million years after that would be engulfed by the incandescent star.	Nach den ursprünglichen Berechnungen sollte sich die Solaris im Lauf von fünfhunderttausend Jahren bis auf die Distanz von einer halben astronomischen Einheit ihrer roten Sonne nähern und nach einer weiter en Million - in ihren Glutenabgrund stürzen.	6
Lit_Solaris	The observations and calculations were reworked with great precision; they simply confirmed the original conclusions: Solaris’s orbit was unstable.	Man wiederholte, nun schon mit höchster Genauigkeit, die Beobachtungen und Messungen, die nur bestätigten, was bekannt war: die Solaris besitzt eine unbeständige Umlaufbahn.	8
Lit_Solaris	A modest item among the hundreds of planets discovered annually — to which official statistics devoted only a few lines defining the characteristics of their orbits — Solaris eventually began to attract special attention and attain a high rank.	Von einem unter etlichen hundert neuentdeckten Planeten pro Jahr, die mit Notizen von ein paar Zeilen, mit Angabe der Elemente ihrer Bewegung, in die großen Statistiken einbezogen werden, avancierte die Solaris nun in den Rang eines besonderer Beachtung würdigen Himmelskörpers.	9
Lit_Solaris	Four years after this promotion, overflying the planet with the Laakon and two auxiliary craft, the Ottenskjold expedition undertook a study of Solaris. This expedition being in the nature of a preliminary, not to say improvised reconnaissance, the scientists were not equipped for a landing. Ottenskjold placed a quantity of automatic observation satellites into equatorial and polar orbit, their principal function being to measure the gravitational pull.	Und so kreiste denn an die vier Jahre nach dieser Entdeckung Ottenskjolds Expedition um den Planeten und untersuchte ihn vom Laokoon und von zwei Begleitschiffen aus. Diese Expedition hatte den Charakter provisorischer, improvisierter Auskundschaftung, zumal da sie nicht zum Landen ausgerüstet war. Sie brachte in Äquator- und Pol-Umlaufbahnen eine größere Anzahl von Beobachtungssatelliten an, deren Hauptaufgabe die Messung der Gravitationspotentiale war.	10,12
Lit_Solaris	In addition, a study was made of the planet’s surface, which is covered by an ocean dotted with innumerable flat, low-lying islands whose combined area is less than that of Europe, although the diameter of Solaris is a fifth greater than Earth’s. These expanses of barren, rocky territory, irregularly distributed, are largely concentrated in the southern hemisphere. At the same time the composition of the atmosphere — devoid of oxygen — was analyzed, and precise measurements made of the planet’s density, from which its albedo and other astronomical characteristics were determined. As was foreseeable, no trace of life was discovered, either on the islands or in the ocean.	Überdies wurden die fast gänzlich vom Ozean bedeckte Planetenoberfläche und die wenigen aus seinem Niveau herausragenden Hochebenen erforscht. Diese erreichen insgesamt nicht den Flächeninhalt Europas, obwohl die Solaris um zwanzig Prozent größeren Durchmesser hat als die Erde. Diese unregelmäßig verstreuten Brocken von felsigem und ödem Land häufen sich vor allem auf der Südhalbkugel. Man stellte auch die Zusammensetzung der Atmosphäre fest, die keinen Sauerstoff enthält, und maß überaus genau die Dichte des Planeten sowie die Albedo und andere astronomische Elemente. Wie erwartet, wurden keine Spuren von Leben aufgefunden, weder an Land, noch gewahrte man welche am Ozean.	13,14,15,16,17
Lit_Solaris	During the following ten years, Solaris became the center of attraction for all observatories concerned with the study of this region of space, for the planet had in the meantime shown the astonishing faculty of maintaining an orbit which ought, without any shadow of doubt, to have been unstable. The problem almost developed into a scandal: since the results of the observations could only be inaccurate, attempts were made (in the interests of science) to denounce and discredit various scientists or else the computers they used.	Während weiterer zehn Jahre zeigte die Solaris, nun schon im Zentrum der Aufmerksamkeit aller Observatorien dieses Bereichs, erstaunliche Tendenz zur Beibehaltung ihrer außer allem Zweifel gravitationsmäßig unbeständigen Umlaufbahn. Eine Zeit lang roch die Angelegenheit nach Skandal, denn die Schuld an einem solchen Beobachtungsergebnis suchte man (immer aus Sorge um das Wohl der Wissenschaft) bald auf bestimmte Leute zu schieben, bald auf die Rechenanlagen, deren sie sich bedienten.	18,19
Lit_Solaris	Lack of funds delayed the departure of a proper Solaris expedition for three years. Finally Shannahan assembled his team and obtained three C-tonnage vessels from the Institute, the largest starships of the period. A year and a half before the arrival of the expedition, which left from the region of Alpha in Aquarius, a second exploration fleet, acting in the name of the Institute, placed an automatic satellite — Luna 247 — into orbit around Solaris.	Der Mangel an Geldmitteln zögerte die Entsendung einer eigentlichen Solaris-Expedition weitere drei Jahre hinaus, bis zu dem Zeitpunkt, da Shannahan die Besatzung komplett hatte und vom Institut drei Einheiten der Tonnage C, Kosmodromklasse, erlangte. Anderthalb Jahre vor Eintreffen der Expedition, die vom Gebiet des Alpha des Wassermanns aus startete, brachte von seiten des Instituts eine zweite Explorationsflotte ein automatisches Satelloid, Luna 247, in eine Solaris-Umlaufbahn.	20,21
Lit_Solaris	This satellite, after three successive reconstructions at roughly ten-year intervals, is still functioning today. The data it supplied confirmed beyond doubt the findings of the Ottenskjold expedition concerning the active character of the ocean’s movements.	Nach dreijahrzehntelang auseinanderliegenden Rekonstruktionen arbeitet dieses Satelloid heute noch. Die Daten, die es sammelte, bestätigten endgültig, was Ottenskjolds Expedition wahrgenommen hatte: den aktiven Charakter der Ozeanbewegungen.	22,23
Lit_Solaris	One of Shannahan’s ships remained in orbit, while the two others, after some preliminary attempts, landed in the southern hemisphere, in a rocky area about 600 miles square. The work of the expedition lasted eighteen months and was carried out under favorable conditions, apart from an unfortunate accident brought about by the malfunction of some apparatus. In the meantime, the scientists had split into two opposing camps; the bone of contention was the ocean. On the basis of the analyses, it had been accepted that the ocean was an organic formation (at that time, no one had yet dared to call it living).	Ein Schiff Shannahans verblieb auf einer hohen Umlaufbahn, zwei dagegen landeten nach einleitenden Vorbereitungen auf einem felsigen Stück Land, das beim Südpol der Solaris etwa sechshundert Quadratmeilen einnimmt. Die Arbeiten der Expedition waren nach achtzehn Monaten beendet und verliefen günstig, bis auf einen Unglücksfall, der durch Fehlfunktion der Apparate verursacht wurde. Innerhalb des Wissenschaftlerteams kam es jedoch zur Aufspaltung in zwei gegnerische Lager. Zum Gegenstand des Streits wurde der Ozean. Auf Grund der Analysen wurde er als organisches Gebilde erkannt (ihn lebendig zu nennen, wagte damals noch niemand).	24,25,26,27,28
Lit_Solaris	But, while the biologists considered it as a primitive formation — a sort of gigantic entity, a fluid cell, unique and monstrous (which they called ‘prebiological’), surrounding the globe with a colloidal envelope several miles thick in places — the astronomers and physicists asserted that it must be an organic structure, extraordinarily evolved. According to them, the ocean possibly exceeded terrestrial organic structures in complexity, since it was capable of exerting an active influence on the planet’s orbital path.	Während jedoch die Biologen in ihm ein primitives Gebilde sahen - eine Art gigantischen Verband, also gleichsam eine einzige monströs auseinandergewachsene flüssige Zelle (aber sie nannten ihn `präbiologische Formation´), die den ganzen Globus mit einem gallertigen, stellenweise eine Tiefe von mehreren Meilen erreichenden Mantel überzogen hat - behaupteten Astronomen und Physiker, das müsse eine außerordentlich hoch organisierte Struktur sein, die möglicher weise an Verschlungenheit des Aufbaus die irdischen Organismen übertreffe, da sie doch imstande sei, aktiv die Ausformung der Planetenbahn zu beeinflussen.	29
Lit_Solaris	Certainly, no other factor could be found that might explain the behavior of Solaris; moreover, the planetophysicists had established a relationship between certain processes of the plasmic ocean and the local measurements of gravitational pull, which altered according to the ‘matter transformations’ of the ocean.	Es wurde nämlich keinerlei andere Ursache entdeckt, die das Verhalten der Solaris erklärt hätte; überdies fanden die Planetarphysiker eine Beziehung zwischen bestimmten Prozessendes Plasma-Ozeans und dem örtlich gemessenen Gravitationspotential, das sich in Abhängigkeit vom Ozean-eigenen ` Stoffwechsel´ änderte.	30
Lit_Solaris	Consequently it was the physicists, rather than the biologists, who put forward the paradoxical formulation of a ‘plasmic mechanism,’ implying by this a structure, possibly without life as we conceive it, but capable of performing functional activities — on an astronomic scale, it should be emphasized.	So brachten also Physiker und nicht Biologen die paradoxe Formulierung `plasmatische Maschine´ vor; darunter verstanden sie ein Gebilde, in unserem Sinne vielleicht auch unbelebt, doch fähig, zielbezogene Tätigkeiten zu unternehmen - fügen wir gleich hinzu: in astronomischer Größenordnung.	31
Lit_Solaris	It was during this quarrel, whose reverberations soon reached the ears of the most eminent authorities, that the Gamow-Shapley doctrine, unchallenged for eighty years, was shaken for the first time.	In diesem Streit, der innerhalb von Wochen die bedeutendsten Autoritäten sämtlich in seinen Wirbel hineinzog, geriet zum ersten Mal seit achtzig Jahren die Gamov-Shapleysche Doktrin ins Wanken.	32
Lit_Solaris	N/A	Solchem Konservatismus zum Trotz erwuchsen Hypothesen, wie etwa eine der besser ausgearbeiteten, von Civito und Vitta, der Ozean sei das Ergebnis dialektischer Entwicklung: aus seiner Vorform, dem Ur-Ozean, einer Lösung träge reagierender chemischer Körper, vermochte er unter dem Druck der Verhältnisse (das heißt, der Bahnänderungen, die seine Existenz bedrohten) ohne alle Zwischenstufen irdischer Entwicklung, also ohne das Entstehen von Ein- und Vielzellern, ohne pflanzliche und tierische Evolution, ohne das Auftreten von Nervensystem und Gehirn, gleich in das Stadium des `homöostatischen Ozeans´ umzuspringen. Das heißt mit anderen Worten, daß er sich nicht wie die irdischen Organismen hunderte Jahrmillionen lang an die Umwelt anpaßte, um erst nach einer so enormen Zeitspanne eine intelligente Rasse zu erzeugen, sondern sofort seine Umwelt bewältigte.	33,34,35
Lit_Solaris	N/A	Das war durchaus originell, bloß wußte weiterhin niemand, wie eine sirupartige Gallerte die Bahn eines Himmelskörpers stabilisieren kann. Seit fast hundert Jahren kannte man Anlagen zur Herstellung künstlicher Kraft- und Schwerefelder, die Gravitoren, aber niemand konnte sich auch nur vorstellen, wie ein Resultat, das - in den Gravitoren ñ das Ergebnis komplizierter Kernreaktionen und enormer Temperaturen ist, von einem gestaltlosen Brei zustande gebracht werden kann. In den Zeitungen, die damals zur Kurzweil der Leser und zum Grauen der Wissenschaftler nur so strotzten von hanebüchenen Schwindeleien zum Thema `Geheimnis der Solaris´, fehlte es auch nicht an Behauptungen, der planetare Ozean sei ... ein entfernter Verwandter der irdischen elektrischen Zitteraale.	36,37,38
Lit_Solaris	N/A	Als es gelang, das Problem zumindest einigermaßen zu entwirren, erwies sich, daß die Erklärung, wie dies bei der Solaris später noch oft vorkam, an die Stelle eines Rätsels ein anderes, vielleicht noch erstaunlicheres, setzte.	39
Lit_Solaris	N/A	Die Untersuchungen ergaben, daß der Ozean keineswegs nach dem Prinzip unserer Gravitoren funktioniert (was im übrigen unmöglich wäre), sondern direkt die Raum-Zeit-Metrik zu modellieren vermag, was unter anderem zu Abweichungen in der Zeitmessung an einem und demselben Längengrad der Solaris führt. Demnach kannte der Ozean nicht nur in gewissem Sinne die Einstein-Boevische Theorie, sondern vermochte sogar (was man von uns nicht sagen kann), ihre Konsequenzen zu nutzen.	40,41
Lit_Solaris	N/A	Als dies ausgesprochen war, brach in der wissenschaftlichen Welt einer der heftigsten Stürme unseres Jahrhunderts los. Die ehrwürdigsten, allgemein als Wahrheiten anerkannten Theorien stürzten zu Schutt zusammen, in der wissenschaftlichen Literatur tauchten die ketzerischsten Artikel auf, und die Alternative `genialer Ozean´ oder `Graviations-Gallerte´ erhitzte alle Gemüter.	42,43
Enc_WikiMoon	Moon	Mond	0
Enc_WikiMoon	https://en.wikipedia.org/wiki/Moon	https://en.wikipedia.org/wiki/Moon	0
Enc_WikiMoon	From Wikipedia, the free encyclopedia	Aus Wikipedia, der freien Enzyklopädie	0
Enc_WikiMoon	This article is about Earth's natural satellite. For moons in general, see Natural satellite. For other uses, see Moon (disambiguation).	In diesem Artikel geht es um den natürlichen Satelliten des Planeten Erde. Informationen zu Monden im Allgemeinen finden Sie unter Natürlicher Satellit. Für andere Verwendungen siehe Mond (Begriffsklärung).	0,1,2
Enc_WikiMoon	The Moon is Earth's only natural satellite. It orbits around Earth at an average distance of 384400 km (238900 mi; 1.28 ls), or about 30 times Earth's diameter. The Moon faces Earth always with its near side by having a rotation period that equals its orbital period, resulting from being tidally locked to Earth. This period is in relation to the Sun 29.5 days long and visible as the cycle of the lunar phases. For Earth, the Moon has been aside from the Sun the most influential celestial object, particularly with its gravitational influence it has been the main driver of Earth's tides.	Der Mond ist der einzige natürliche Satellit des Planeten Erde. Er umkreist die Erde in einer durchschnittlichen Entfernung von 384.400 km (238.900 Meilen; 1,28 ls), was etwa dem 30-fachen des Erddurchmessers entspricht. Der Mond ist der Erde immer mit seiner nahen Seite zugewandt, da seine Rotationsperiode seiner Umlaufperiode entspricht, was durch die Gezeitenbindung an die Erde bedingt ist. Dieser Zeitraum ist im Verhältnis zur Sonne 29,5 Tage lang und als Zyklus der Mondphasen sichtbar. Für die Erde ist der Mond neben der Sonne das einflussreichste Himmelsobjekt, insbesondere aufgrund seines Gravitationseinflusses ist er der Hauptantrieb für die Gezeiten der Erde.	3,4,5,6,7
Enc_WikiMoon	The Moon's mass, density and surface gravity of about one-sixth of Earth's (at 0.1654 g), are rivaled among Solar System satellites only by Jupiter's moon Io. It is a satellite planet in geophysical terms and among all planetary-mass objects of the Solar System larger and more massive than all of its known dwarf planets.[17] Its diameter is 3,474 km (2,159 mi), which is roughly one-quarter that of Earth or about the width of Australia,[18] making it by far the largest and most massive satellite in the Solar System in relation to its parent planet and the fifth-largest Solar System satellite overall.	Die Masse, Dichte und Oberflächengravitation des Mondes, die etwa ein Sechstel der Erde (bei 0.1654 g) betragen, konkurrieren unter den Satelliten des Sonnensystems nur mit dem Jupitermond Io. Aus geophysikalischer Sicht handelt es sich um einen Satellitenplaneten, der unter allen Objekten mit Planetenmasse im Sonnensystem größer und massiver ist als alle bekannten Zwergplaneten.[17] Sein Durchmesser beträgt 3.474 km (2.159 Meilen), was circa einem Viertel des Erddurchmessers oder etwa der Breite Australiens entspricht.[18] Damit ist er im Verhältnis zu seinem Mutterplaneten der mit Abstand größte und massereichste Satellit im Sonnensystem und der fünftgrößte Satellit des Sonnensystems insgesamt.	8,9
PopSci_MultiplEYE	The MultiplEYE Project	Das MultiplEYE Projekt	0
PopSci_MultiplEYE	The name “MultiplEYE” is a wordplay combining “multilingualism” or “multiple languages” with “eye” from “eye-tracking”. MultiplEYE is a COST Action funded by the European Union. COST Actions are research networks supported by the European Cooperation in Science and Technology or COST for short. As a funding organisation, COST supports our growing network of researchers across Europe and beyond by providing financial assistance for conducting different networking activities. These activities include working group meetings, training schools to share skills with younger researchers, and scientific research visits.	Der Name „MultiplEYE“ ist ein Wortspiel, das „multilingualism“ (Englisch: Mehrsprachigkeit) oder „multiple languages“ (Englisch: mehrere Sprachen) mit „eye“ (Englisch: Auge) aus „Eye-Tracking“ (Englisch: Blickverfolgung) verbindet. MultiplEYE ist eine von der Europäischen Union finanzierte COST Action. COST Actions sind Forschungsnetzwerke, die von der European Cooperation in Science and Technology, oder kurz COST, unterstützt werden. Als Förderorganisation unterstützt COST unser ständig wachsendes Netzwerk von Forschern in ganz Europa und darüber hinaus, indem es finanzielle Mittel für die Durchführung verschiedener Arten von Networking-Aktivitäten bereitstellt. Zu diesen Aktivitäten gehören Arbeitsgruppentreffen, Weiterbildungskurse, um Expertise an jüngeren Forscher weiterzugeben, und wissenschaftliche Forschungsaufenthalte.	1,2,3,4
PopSci_MultiplEYE	The project title of the MultiplEYE COST Action is: Enabling multilingual eye-tracking data collection for human and machine language processing research. This means that the MultiplEYE COST Action aims to foster an interdisciplinary network of research groups working on collecting eye-tracking data from reading in multiple languages. The goal is to support the development of a large multilingual eye-tracking corpus and enable researchers to collect data by sharing their knowledge between various fields, including linguistics, psychology, speech and language pathology, and computer science. This data collection can then be used to study human language processing from a psycholinguistic perspective as well as to improve and evaluate computational language processing from a machine-learning perspective.	Der Projekttitel der MultiplEYE COST Action lautet: Ermöglichung der mehrsprachigen Eye-Tracking-Datenerfassung für die menschliche und maschinelle Sprachverarbeitungsforschung (übersetzt aus dem Englischen). Das bedeutet, dass die MultiplEYE COST Action darauf abzielt, ein interdisziplinäres Netzwerk von Forschungsgruppen zu fördern, die an der Erhebung von Augenbewegungsdaten beim Lesen in verschiedenen Sprachen arbeiten. Ziel ist es, die Entwicklung eines großen mehrsprachigen Korpus von Augenbewegungsdaten zu unterstützen und es Forschern zu ermöglichen, Daten zu sammeln, indem sie ihr Expertenwissen aus verschiedenen Disziplinen teilen. Dazu gehören Linguistik, Psychologie, Sprach- und Lesetherapie und Informatik. Diese Datensammlung kann dann verwendet werden, um die menschliche Sprachverarbeitung aus psycholinguistischer Perspektive zu untersuchen, sowie die computergestützte Sprachverarbeitung aus der Perspektive des Maschinellen Lernens zu verbessern und zu evaluieren.	5,6,7,8,9
PopSci_MultiplEYE	What is “eye-tracking”?	Was ist ”Eye-Tracking”?	10
PopSci_MultiplEYE	Eye-tracking is the process of measuring the point of gaze - where you are looking - and the movements of the eyes between fixed points of gaze. The device used to measure the eye positions and eye movements is called an eye-tracker. It consists of an infrared camera, using a light frequency that does not bother or hurt the human eye. With the help of image recognition algorithms, the eye-tracker can estimate gaze points very accurately by knowing the position of the head and eyes, the distance to the screen a participant is looking at and the eye-tracker's position.	Eye-Tracking ist der Prozess, bei dem der Blickpunkt – wohin Sie schauen – und die Augenbewegungen zwischen festen Blickpunkten gemessen werden. Das Gerät, mit dem die Augenpositionen und -bewegungen gemessen werden, wird als Eye-Tracker bezeichnet. Es besteht aus einer Infrarotkamera, die eine Lichtfrequenz verwendet, die das menschliche Auge nicht stört oder verletzt. Mit Hilfe von Bilderkennungsalgorithmen ist der Eye-Tracker in der Lage, Blickpunkte sehr genau zu schätzen, indem er die Position von Kopf und Augen, die Entfernung zum Bildschirm, auf den ein Teilnehmer blickt, und die Position des Eye-Trackers kennt.	11,12,13
PopSci_MultiplEYE	Eye-tracking is a helpful technology for many applications. For example, it can help detect tiredness while driving or it can support applications for screening and training purposes in the medical domain. Eye-tracking is also used in gaming, marketing, and human-computer interaction.	Eye-Tracking ist eine nützliche Technologie für eine Vielzahl von Anwendungen. Beispielsweise kann es dabei helfen, Müdigkeit beim Autofahren zu erkennen oder Anwendungen für Screening- und Trainingszwecke im medizinischen Bereich unterstützen. Eye-Tracking wird auch in der Gaming-Branche, im Marketing und in der Forschung zur Interaktion von Mensch und Maschine eingesetzt.	14,15,16
PopSci_MultiplEYE	Why is eye-tracking while reading especially interesting for our project?	Warum ist Eye-Tracking beim Lesen für unser Projekt besonders interessant?	17
PopSci_MultiplEYE	As you read these words, the eye-tracker follows your eye’s movements over the text. This provides information about how long you spend looking at a text, or more specifically, how long you spent on each word, which words you skipped, which words you dwelled on, and whether you had to go back and reread parts of the text to understand it better.	Während Sie diese Wörter lesen, folgt der Eye-Tracker Ihren Augenbewegungen über den Text. Dies gibt Aufschluss darüber, wie lange Sie sich einen Text angesehen haben, oder genauer gesagt, wie lange Sie zum Lesen jedes Wortes gebraucht haben, welche Wörter Sie übersprungen haben, bei welchen Wörtern Sie verweilt sind und ob Sie zurückgehen mussten, um die bereits gelesenen Wörter nochmals anzuschauen, um Teile des Textes besser zu verstehen.	17,18
PopSci_MultiplEYE	As your brain is processing the content of the text, your eye movements reflect a lot of the linguistic and cognitive processing going on almost in real time. Thus, the recorded data is a gold mine of information about how we put together a text's meaning and grammatical structures. It shows which parts of the text we struggle with and which parts are easily readable. It is up to the researchers to later explain which linguistic factors caused which type of eye movements.	Während Ihr Gehirn den Inhalt des Textes verarbeitet, spiegeln Ihre Augenbewegungen fast in Echtzeit einen Großteil der dafür benötigten sprachlichen und kognitiven Verarbeitung wider. Die aufgezeichneten Daten sind also eine Goldgrube an Informationen darüber, wie wir die Bedeutung und die grammatikalischen Strukturen eines Textes zusammensetzen. Es zeigt, mit welchen Textstellen wir zu kämpfen haben und welche einfach lesbar sind. Die Forscher können daraus ableiten, welche sprachlichen Faktoren welche Art von Augenbewegungen verursacht haben.	19,20,21,22
PopSci_MultiplEYE	The motivation behind MultiplEYE is that eye-tracking data is still sparse, especially for languages with fewer speakers. Such extensive data collection is a challenge in terms of developing and agreeing on the experimental design, the complexity, and the types of texts to be read by the participants. Other decisions that seem less relevant but are, in fact, very important include the font type and size the text is presented in, the order of the texts, the experiment procedure, and how the data will be processed. But once completed, this dataset will allow us to investigate many topics related to psycholinguistics and computational linguistics. For example, we can compare the reading behaviour across different languages. Does the scripture, for example, the Latin alphabet versus Cyrillic or Arabic scripts, impact reading times? An example concerning the computational processing of text could involve using eye-tracking data to advance artificial intelligence applications that imitate the human reading process. This could be used to build better machine translation systems or to improve the automatic extraction of keywords from the text.	Die Motivation hinter MultiplEYE ist, dass Eye-Tracking-Daten noch immer nur spärlich verfügbar sind, insbesondere für Sprachen mit weniger Sprechern. Eine so große Datensammlung ist eine Herausforderung in Bezug auf die Entwicklung und die Vereinbarung des experimentellen Designs, die Komplexität und die Art der Texte, die von den Teilnehmern gelesen werden sollen. Andere Entscheidungen, die weniger relevant erscheinen, aber tatsächlich sehr wichtig sind, betreffen die Schriftart und -größe des Textes, die Reihenfolge der Texte, den Versuchsablauf und die Art und Weise, wie die Daten danach verarbeitet werden. Aber sobald dieser Datensatz fertig ist, wird er es uns ermöglichen, viele Themen im Zusammenhang mit Psycholinguistik und Computerlinguistik zu untersuchen. Beispielsweise können wir das Leseverhalten über verschiedene Sprachen hinweg vergleichen. Hat die Schrift, z.B. das lateinische Alphabet im Vergleich zur kyrillischen oder arabischen Schrift, einen Einfluss auf die Lesezeit? Ein Beispiel für die computergestützte Textverarbeitung könnte die Verwendung von Eye-Tracking-Daten sein, um Anwendungen künstlicher Intelligenz voranzutreiben, die den menschlichen Leseprozess nachahmen. Diese Erkenntnisse könnten verwendet werden, um bessere maschinelle Übersetzungssysteme zu bauen oder um die automatische Extraktion von Schlüsselwörtern aus Texten zu verbessern.	23,24,25,26,27,28,29
PopSci_MultiplEYE	Receiving eye-tracking data from many participants, including yourself, by reading texts in many different languages will be a great foundation for our research. It will be the main factor in turning our research network into a successful endeavour.	Das Erhalten von Eye-Tracking-Daten von vielen verschiedenen Teilnehmern, einschließlich Ihnen selbst, die Texte in vielen verschiedenen Sprachen lesen, wird eine großartige Grundlage für unsere Forschung sein. Sie wird der Hauptfaktor sein, um unser Forschungsnetzwerk zu einem erfolgreichen Unterfangen zu machen.	30,31
PopSci_MultiplEYE	We hope to clear the way for advancing research in various subfields of linguistics by supporting and connecting a large group of researchers. The main outcomes of the MultiplEYE Action will be a large dataset containing eye-tracking data in many languages and a platform for new collaborations building on this type of data.	Wir hoffen, dass wir den Weg für die Förderung der Forschung in verschiedenen Teilgebieten der Linguistik ebnen können, indem wir eine große Gruppe von Forschern unterstützen und vernetzen. Die Hauptergebnisse der MultiplEYE Action werden ein großer Datensatz mit Blickverfolgungsdaten in vielen Sprachen und eine Plattform für neue Kooperationen sein, die diese Art von Daten nutzen.	32
PopSci_MultiplEYE	If you are reading this text, you are already supporting our cause by allowing us to collect and analyse your eye movements while reading and comprehending language. Thank you!	Wenn Sie diesen Text lesen, unterstützen Sie uns bereits, indem Sie uns erlauben, Ihre Augenbewegungen beim Lesen und Verstehen von Sprache zu erfassen und zu analysieren. Vielen Dank!	33,34,35
Lit_BrokenApril	Broken April - Chapter 3	Der zerrissene April - Kapitel 3	0
Lit_BrokenApril	Holding his wife’s hand, Bessian Vorpsi moved his head close to the window to make sure that the small town they had left half an hour before, the last one at the foot of the Rrafsh, the high plateau of the north, had disappeared from view. Now, before them and on either side there stretched away heathland on a slight slope, a rather strange piece of country, neither plain, nor mountain nor plateau. The mountains, properly speaking, had not yet begun, but one felt their looming shadow, and it seemed that it was that very shadow which while rejecting any connection between the plateau and the mountain world, kept it from being classed as a plain. So it was a border region, barren and almost uninhabited.	Ohne die Hand seiner Frau loszulassen, beugte sich Besian Vorpsi zum Fenster, um nachzusehen, ob die kleine Stadt, in der sie eine halbe Stunde zuvor aufgebrochen waren, die letzte vor der Hochebene im Norden, endlich aus dem Blickfeld entschwunden war. Sanft ansteigende Hänge dehnten sich vor und neben ihnen, ein merkwürdiges Stück Erde, weder Ebene noch Berg noch Plateau. Das Gebirge hatte noch nicht begonnen, doch sein Schatten war schon lange zu spüren. Und obwohl gerade dieser Schatten dem Landstrich den Zugang zur Welt der Berge verwehrte, ließ er doch nicht mehr zu, daß von einer Niederung gesprochen wurde. Niemandsland also, karg und fast unbewohnt.	1,2,3,4
Lit_BrokenApril	Now and then droplets of rain pearled the glass of the carriage window.	Feine Regentropfen kullerten ab und zu über die Fensterscheiben.	5
Lit_BrokenApril	“The Accursed Mountains,” he said softly, with a slight tremor in his voice, as if he were greeting a vision that he had been expecting for a very long time. He felt that the name, with its solemnity, had made an impression on his wife, and he took a certain satisfaction in it.	»Die Verwünschten Almen«, sagte er leise und mit ein wenig bebender Stimme, wie man von etwas spricht, auf dessen Anblick man sich lange gefreut hat. Befriedigt registrierte er, daß die Erwähnung des Namens bei seiner Frau ein feierliches Schaudern auslöste.	6,7
Lit_BrokenApril	Her face came closer, and he breathed in the perfume of her neck.	Als sie sich herüberbeugte, um hinauszuschauen, roch er den zarten Duft ihres Nackens.	8
Lit_BrokenApril	“Where are they?”	»Wo?«	9
Lit_BrokenApril	He nodded ahead, and then he pointed, but in that direction she saw nothing but a heavy layer of mist.	Er wies mit dem Finger auf etwas, doch dort, wo er hinzeigte, waren nur wallende Nebel zu erkennen.	9
Lit_BrokenApril	“You can’t see anything yet,” he explained. “We’re far away from them.”	»Sie sind noch nicht richtig zu sehen«, erklärte er. »Wir sind noch zu weit weg.«	10
Lit_BrokenApril	She left her hand in her husband’s and leaned back into the velvet cloth of her seat. The jostling of the carriage sent the newspaper in which they were mentioned, and which they had bought in the small town a little before their departure, sliding to the floor, but neither of them moved to pick it up. She smiled vaguely, recalling the title of the short piece announcing their trip: “Sensation: The writer, Bessian Vorpsi, and his young bride are spending their honeymoon on the Northern Plateau!”	Sie griff wieder nach seiner Hand und lehnte sich in den Polstern zurück. Die Zeitung, die sie vor der Abfahrt in der kleinen Stadt gekauft hatten (auf der Titelseite war von ihnen die Rede), glitt unter dem Schwanken des Wagens zu Boden, doch sie dachten beide nicht daran, das Blatt wieder aufzuheben. Mit einem verträumten Lächeln dachte sie an die Überschrift: »Eine frohe Überraschung! Der Schriftsteller Besian Vorpsi und seine junge Frau Diana wollen ihre Flitterwochen im nördlichen Hochland verbringen!«	11,12,13,14
Lit_BrokenApril	The article was rather vague. You could not tell whether the author, a certain A.G. (could that be their acquaintance, Adrian Guma?) was in favor of the trip or was being slightly ironic about it.	Dann ging es etwas verworren weiter. Es war nicht eindeutig zu erschließen, ob der Verfasser des Artikels, ein gewisser A. G. (womöglich ihr gemeinsamer Bekannter Adrian Guma) die Reise nun begrüßte oder sich ein wenig darüber mokierte.	15
Lit_BrokenApril	She herself, when her fiance had announced it to her two weeks before the wedding, had thought the idea pretty bizarre. Don’t be surprised at anything, her friends had told her. If you marry a man who’s a bit odd, you have to expect surprises. But at bottom we have to say you’re very lucky.	Ihr selbst war die Idee zu der Reise ziemlich ausgefallen vorgekommen, als er zwei Wochen vor der Hochzeit zum ersten Mal darüber gesprochen hatte. Du brauchst dich gar nicht zu wundern, hatten ihre Freundinnen gemeint. Wenn man einen so ungewöhnlichen Mann heiratet, bekommt man von ihm eben merkwürdige Dinge zu hören. Aber was heißt das schon. Wir sagen nur: Du Glückliche!	16,17,18,19
Lit_BrokenApril	And in fact she was happy. During the last days before the wedding, in the half-fashionable, half-artistic circles of Tirana, people talked about nothing but their honeymoon trip. Her friends envied her and told her: You’ll be escaping the world of reality for the world of legend, literally the world of epic that scarcely exists anymore. And they would go on talking about fairies, mountain nymphs, bards, the last Homeric hymns in the world, and the Kanun, terrifying but so majestic. Others shrugged their shoulders at all this enthusiasm, hinting discreetly at their astonishment, which was aroused particularly by the question of comfort, the more so since this was a honeymoon trip, something that called for certain conveniences, whereas, in the mountains the weather was still quite cold, and those epic kullas were of stone. On the other hand, there were others — few in number — who listened to all those opinions with a rather amused air, as if to say, “Right, go on up north among the mountain nymphs. It will do both of you good, and especially Bessian.”	Sie war wirklich glücklich. In all den Tagen vor der Hochzeit wurde in Tiranas leidlich mondänen, leidlich kunstsinnigen Kreisen von nichts anderem gesprochen als von ihrer bevorstehenden Reise. Die meisten waren hingerissen: Du kommst aus der realen Welt geradewegs in die Welt der Legenden, mitten in ein wirkliches Epos, wie es sonst fast nirgends in der Welt mehr existiert. Und sie erzählten von Feen und Elfen, von den Rhapsoden, den letzten Homeriden auf der Welt, vom Kanun, der furchtbar war und doch so großartig. Andere wiederum zuckten mit den Schultern ob dieses wunderlichen Einfalls, ihrer Skepsis zaghaft Ausdruck verleihend. Diese betraf vor allem die Frage des Komforts, um so mehr, als es um Flitterwochen, also eine delikate Angelegenheit ging, während es doch in den Alpen noch kalt und die epischen Türme recht steinern waren. Ein kleiner Teil reagierte auf die ganze Sache mit mildem Spott: Geht nur in den Norden, ihr beiden, besucht die Elfen. Vielleicht tut es euch ja gut, vor allem Besian Vorpsi.	21,22,23,24,25,26,27
Lit_HarryPotter	Harry Potter and the Philosopher’s Stone - Chapter 1: The boy who lived	Harry Potter und der Stein der Weisen - Kapitel 1: Ein Junge überlebt	0
Lit_HarryPotter	Mr. and Mrs. Dursley, of number four, Privet Drive, were proud to say that they were perfectly normal, thank you very much. They were the last people you’d expect to be involved in anything strange or mysterious, because they just didn’t hold with such nonsense.	Mr und Mrs Dursley im Ligusterweg Nummer 4 waren stolz darauf, ganz und gar normal zu sein, sehr stolz sogar. Niemand wäre auf die Idee gekommen, sie könnten sich in eine merkwürdige und geheimnisvolle Geschichte verstricken, denn mit solchem Unsinn wollten sie nichts zu tun haben.	1
Lit_HarryPotter	Mr. Dursley was the director of a firm called Grunnings, which made drills. He was a big, beefy man with hardly any neck, although he did have a very large mustache. Mrs. Dursley was thin and blonde and had nearly twice the usual amount of neck, which came in very useful as she spent so much of her time craning over garden fences, spying on the neighbors. The Dursleys had a small son called Dudley and in their opinion there was no finer boy anywhere.	Mr Dursley war Direktor einer Firma namens Grunnings, die Bohrmaschinen herstellte. Er war groß und bullig und hatte fast keinen Hals, dafür aber einen sehr großen Schnurrbart. Mrs Dursley war dünn und blond und besaß doppelt so viel Hals, wie notwendig gewesen wäre, was allerdings sehr nützlich war, denn so konnte sie den Hals über den Gartenzaun recken und zu den Nachbarn hinüberspähen. Die Dursleys hatten einen kleinen Sohn namens Dudley und in ihren Augen gab es nirgendwo einen prächtigeren Jungen.	2,3,4,5
Lit_HarryPotter	The Dursleys had everything they wanted, but they also had a secret, and their greatest fear was that somebody would discover it. They didn’t think they could bear it if anyone found out about the Potters. Mrs. Potter was Mrs. Dursley’s sister, but they hadn’t met for several years; in fact, Mrs. Dursley pretended she didn’t have a sister, because her sister and her good-for-nothing husband were as unDursleyish as it was possible to be. The Dursleys shuddered to think what the neighbors would say if the Potters arrived in the street. The Dursleys knew that the Potters had a small son, too, but they had never even seen him. This boy was another good reason for keeping the Potters away; they didn’t want Dudley mixing with a child like that.	Die Dursleys besaßen alles, was sie wollten, doch sie hatten auch ein Geheimnis, und dass es jemand aufdecken könnte, war ihre größte Sorge. Einfach unerträglich wäre es, wenn die Sache mit den Potters herauskommen würde. Mrs Potter war die Schwester von Mrs Dursley; doch die beiden hatten sich schon seit etlichen Jahren nicht mehr gesehen. Mrs Dursley behauptete sogar, dass sie gar keine Schwester hätte, denn diese und deren Nichtsnutz von einem Mann waren so undursleyhaft, wie man es sich nur denken konnte. Die Dursleys schauderten beim Gedanken daran, was die Nachbarn sagen würden, sollten die Potters eines Tages in ihrer Straße aufkreuzen. Die Dursleys wussten, dass auch die Potters einen kleinen Sohn hatten, doch den hatten sie nie gesehen. Auch dieser Junge war ein guter Grund, sich von den Potters fernzuhalten; mit einem solchen Kind sollte ihr Dudley nicht in Berührung kommen.	6,7,8,9,10,11,12
Lit_Alchemist	The Alchemist - Chapter 1	Der Alchemist - Kapitel 1	0
Lit_Alchemist	The boy’s name was Santiago. Dusk was falling as the boy arrived with his herd at an abandoned church. The roof had fallen in long ago, and an enormous sycamore had grown on the spot where the sacristy had once stood.	Der Jüngling hieß Santiago. Es fing bereits an zu dämmern, als er mit seiner Schafherde zu einer alten, verlassenen Kirche kam. Das Dach war schon vor geraumer Zeit eingestürzt, und ein riesiger Maulbeerbaum wuchs an jener Stelle, wo sich einst die Sakristei befand.	0,1,2
Lit_Alchemist	He decided to spend the night there. He saw to it that all the sheep entered through the ruined gate, and then laid some planks across it to prevent the flock from wandering away during the night. There were no wolves in the region, but once an animal had strayed during the night, and the boy had had to spend the entire next day searching for it.	Er entschloß sich, die Nacht hier zu verbringen. So geleitete er alle Schafe durch die beschädigte Türe und legte einige Bretter quer davor, damit ihm die Tiere während der Nacht nicht entwischen konnten. Zwar gab es keine Wölfe in jener Gegend, aber einmal war ihm eines der Tiere während der Nacht entkommen, und er mußte den ganzen folgenden Tag mit der Suche nach dem verirrten Schäfchen verbringen.	3,4,5
Lit_Alchemist	He swept the floor with his jacket and lay down, using the book he had just finished reading as a pillow. He told himself that he would have to start reading thicker books: they lasted longer, and made more comfortable pillows.	Danach breitete er seinen Mantel auf dem Fußboden aus, legte sich nieder und nahm das Buch, das er gerade gelesen hatte, als Kopfkissen. Vor dem Einschlafen dachte er daran, daß er in Zukunft dickere Bücher lesen wollte, weil man länger etwas davon hat und weil sie eine bequemere Kopfstütze abgeben.	6,7
Lit_Alchemist	It was still dark when he awoke, and, looking up, he could see the stars through the half-destroyed roof.	Es war noch finster, als er erwachte. Als er nach oben schaute, sah er die Sterne zwischen den Dachbalken durchscheinen.	8,9
Lit_Alchemist	I wanted to sleep a little longer, he thought. He had had the same dream that night as a week ago, and once again he had awakened before it ended.	Eigentlich wollte ich noch weiterschlafen, dachte er bei sich. Wieder hatte er den gleichen Traum gehabt wie vor einer Woche, und wieder war er vor dem Ende aufgewacht.	1
Lit_Alchemist	He arose and, taking up his crook, began to awaken the sheep that still slept. He had noticed that, as soon as he awoke, most of his animals also began to stir. It was as if some mysterious energy bound his life to that of the sheep, with whom he had spent the past two years, leading them through the countryside in search of food and water. “They are so used to me that they know my schedule,” he muttered. Thinking about that for a moment, he realized that it could be the other way around: that it was he who had become accustomed to their schedule.	"Er erhob sich und trank einen Schluck Wein. Dann nahm er seinen Hirtenstab und begann, die Schafe, die noch schliefen, eines nach dem anderen zu wecken. Mehr und mehr wurden die Tiere, wie ihm aufgefallen war, gleichzeitig mit ihm wach, als ob ein geheimnisvoller Gleichklang sein Leben mit dem der Schafe verband, die seit nunmehr zwei Jahren mit ihm übers Land gezogen waren, auf der Suche nach Wasser und Nahrung. ""Sie haben sich schon so an mich gewöhnt, daß sie meinen Rhythmus kennen"", dachte er. Aber nach kurzer Überlegung kam er zu dem Schluß, daß es auch umgekehrt sein könnte: Er selber hatte sich dem Rhythmus seiner Schafe angepaßt!"	12,13,14,15,16
Lit_Alchemist	But there were certain of them who took a bit longer to awaken. The boy prodded them, one by one, with his crook, calling each by name. He had always believed that the sheep were able to understand what he said. So there were times when he read them parts of his books that had made an impression on him, or when he would tell them of the loneliness or the happiness of a shepherd in the fields. Sometimes he would comment to them on the things he had seen in the villages they passed.	Einige unter den Tieren brauchten etwas länger zum Aufstehen. Der Jüngling weckte sie mit seinem Stab, indem er jedes bei seinem Namen nannte. Immer hatte er den Eindruck, daß die Schafe alles verstanden, was er sagte. Darum las er ihnen auch gelegentlich Abschnitte aus Büchern vor, die ihn besonders beeindruckten, oder er philosophierte über die Einsamkeit und die Freuden eines Schafhirten, oder er kommentierte die letzten Neuigkeiten, die er im den Städten erfahren hatte, durch die er zu ziehen pflegte.	16,17,18,19
Lit_Alchemist	But for the past few days he had spoken to them about only one thing: the girl, the daughter of a merchant who lived in the village they would reach in about four days. He had been to the village only once, the year before. The merchant was the proprietor of a dry goods shop, and he always demanded that the sheep be sheared in his presence, so that he would not be cheated. A friend had told the boy about the shop, and he had taken his sheep there.	Seit zwei Tagen jedoch sprach er beinahe nur noch über eins: die Tochter eines Händlers, die in jener Kleinstadt lebte, welche sie in vier Tagen erreichen würden. Im vorigen Jahr war er das erste Mal bei diesem Handelsmann gewesen, der Besitzer eines Textilgeschäftes war und darauf bestand, daß die Schafe vor seinem Geschäft geschoren würden, um jeden Betrug zu vermeiden. Ein Bekannt er hatte den Laden empfohlen, und so brachte der Hirte seine Schafe jetzt dorthin.	20,21
Lit_EmperorClothes	The Emperor’s New Clothes	Des Kaisers Neue Kleider	0
Lit_EmperorClothes	Many years ago there lived an emperor who was so terribly fond of beautiful new clothes that he spent all his money on being elegantly dressed. Only if he got the chance to show off his new clothes did he show any interest in his soldiers, the theatre or going for a coach ride in the woods. He had a dress coat for every hour of the day, and just as one says about a king that he is in council, one always said in his case: ‘The emperor’s in the wardrobes!’	"Vor vielen Jahren lebte ein Kaiser, der so ungeheuer viel auf neue Kleider hielt, daß er all sein Geld dafür ausgab, um recht geputzt zu sein. Er kümmerte sich nicht um seine Soldaten, kümmerte sich nicht um Theater und liebte es nicht, in den Wald zu fahren, außer um seine neuen Kleider zu zeigen. Er hatte einen Rock für jede Stunde des Tages, und ebenso wie man von einem König sagte, er ist im Rat, so sagte man hier immer: ""Der Kaiser ist in der Garderobe!"""	0,1,2
Lit_EmperorClothes	Life was most enjoyable in the great city where he lived, every day many strangers came – and one day two swindlers did; they pretended to be weavers and said they were able to weave the loveliest cloth one could imagine. Not only were the colours and pattern exceptionally beautiful but the clothes sewn from the cloth had the remarkable ability to become invisible to each and every person who was unfit for his office, or who was inadmissibly stupid.	In der großen Stadt, in der er wohnte, ging es sehr munter her. An jedem Tag kamen viele Fremde an, und eines Tages kamen auch zwei Betrüger, die gaben sich für Weber aus und sagten, daß sie das schönste Zeug, was man sich denken könne, zu weben verstanden. Die Farben und das Muster seien nicht allein ungewöhnlich schön, sondern die Kleider, die von dem Zeuge genäht würden, sollten die wunderbare Eigenschaft besitzen, daß sie für jeden Menschen unsichtbar seien, der nicht für sein Amt tauge oder der unverzeihlich dumm sei.	2,3,4
Lit_EmperorClothes	‘A fine sort of clothes to have,’ the emperor thought; ‘by wearing them I could find out which men in my empire were unfit for the office they hold and I would be able to distinguish between clever and stupid people! Yes, that cloth must be woven for me at once!’ and he gave the two swindlers a great deal of money in advance to begin their work.	,Das wären ja prächtige Kleider', dachte der Kaiser; wenn ich solche hätte, könnte ich ja dahinterkommen, welche Männer in meinem Reiche zu dem Amte, das sie haben, nicht taugen, ich könnte die Klugen von den Dummen unterscheiden! Ja, das Zeug muß sogleich für mich gewebt werden!' Er gab den beiden Betrügern viel Handgeld, damit sie ihre Arbeit beginnen sollten.	5
Lit_EmperorClothes	They set up two looms and pretended to be working, but they hadn’t anything at all on them. Without more ado, they demanded the finest silk, and the most magnificent gold – this they kept for themselves and they worked away at the empty looms until late at night.	Sie stellten auch zwei Webstühle auf, taten, als ob sie arbeiteten, aber sie hatten nicht das geringste auf dem Stuhle. Trotzdem verlangten sie die feinste Seide und das prächtigste Gold, das steckten sie aber in ihre eigene Tasche und arbeiteten an den leeren Stühlen bis spät in die Nacht hinein.	6
Lit_EmperorClothes	‘I wonder how they’re getting on with the cloth!’ the emperor thought to himself, but he had a distinctly uneasy feeling when he recalled that anyone who was stupid or unfit for his office wouldn’t be able to see it – he didn’t think that he really needed to worry about himself, but he decided even so to send someone first to see how things were progressing. Everyone in the whole city knew what a strange power the cloth had, and everyone was eager to find out how incompetent or stupid his neighbour was.	,Nun möchte ich doch wissen, wie weit sie mit dem Zeuge sind!' dachte der Kaiser, aber es war ihm beklommen zumute, wenn er daran dachte, daß keiner, der dumm sei oder schlecht zu seinem Amte tauge, es sehen könne. Er glaubte zwar, daß er für sich selbst nichts zu fürchten brauche, aber er wollte doch erst einen andern senden, um zu sehen, wie es damit stehe. Alle Menschen in der ganzen Stadt wußten, welche besondere Kraft das Zeug habe, und alle waren begierig zu sehen, wie schlecht oder dumm ihr Nachbar sei.	10
Lit_EmperorClothes	‘I’ll send my honest old minister to the weavers!’ the emperor thought, ‘he’s best able to see what the cloth looks like, for he’s an intelligent man, and no one attends to his office better than he does!’	,Ich will meinen alten, ehrlichen Minister zu den Webern senden', dachte der Kaiser, er kann am besten beurteilen, wie der Stoff sich ausnimmt, denn er hat Verstand, und keiner versieht sein Amt besser als er!'	10
Lit_EmperorClothes	Now the worthy old minister entered the room where the two swindlers were working at the empty looms. ‘Good gracious me!’ the old minister thought, opening his eyes wide: ‘I can’t see anything!’ But he didn’t say that.	Nun ging der alte, gute Minister in den Saal hinein, wo die zwei Betrüger saßen und an den leeren Webstühlen arbeiteten. ,Gott behüte uns!' dachte der alte Minister und riß die Augen auf. ,Ich kann ja nichts erblicken!' Aber das sagte er nicht.	11,12,13
Lit_EmperorClothes	Both swindlers asked him to be so kind as to step closer and asked him if he didn’t think it was a lovely pattern and delightful colours they were weaving. They pointed to the empty loom, and the poor minister’s eyes were as wide-open as ever, but he couldn’t see anything, for there wasn’t anything to see. ‘Good lord!’ he thought, ‘Am I stupid, perhaps! I’ve never believed so, and no one must ever know about it! Am I unfit for my office perhaps? No, it will never do for me to say that I can’t see the cloth!’	Beide Betrüger baten ihn näher zu treten und fragten, ob es nicht ein hübsches Muster und schöne Farben seien. Dann zeigten sie auf den leeren Stuhl, und der arme, alte Minister fuhr fort, die Augen aufzureißen, aber er konnte nichts sehen, denn es war nichts da. ,Herr Gott', dachte er, sollte ich dumm sein? Das habe ich nie geglaubt, und das darf kein Mensch wissen! Sollte ich nicht zu meinem Amte taugen? Nein, es geht nicht an, daß ich erzähle, ich könne das Zeug nicht sehen!'	14,15,16
Lit_EmperorClothes	‘Well, have you nothing to say about it?’ said the one who was weaving.	Nun, Sie sagen nichts dazu? fragte der eine von den Webern.	16
Lit_EmperorClothes	‘Oh, it’s splendid! Ever so delightful!’ the old minister said, peering through his glasses, ‘this pattern and those colours! Oh yes, I shall certainly tell the emperor it appeals to me exceedingly well!’	"Oh, es ist niedlich, ganz allerliebst! antwortete der alte Minister und sah durch seine Brille. ""Dieses Muster und diese Farben! – Ja, ich werde dem Kaiser sagen, daß es mir sehr gefällt!"""	16,17,18
Lit_EmperorClothes	‘A pleasure to hear it!’ both weavers said, and they now named the colours by name as well as the quite exceptional pattern. The old minister listened carefully, for he would have to be able to say the same when he got back to the emperor, and he did just that.	Nun, das freut uns! sagten beide Weber, und darauf benannten sie die Farben mit Namen und erklärten das seltsame Muster. Der alte Minister merkte gut auf, damit er dasselbe sagen könne, wenn er zum Kaiser zurückkomme, und das tat er auch.	19
Lit_EmperorClothes	Now the swindlers asked for more money, more silk and gold – they needed it for the weaving. They stuffed everything into their own pockets, not a single thread ended up on the loom, but they continued to weave on the empty loom as before.	Nun verlangten die Betrüger mehr Geld, mehr Seide und mehr Gold zum Weben. Sie steckten alles in ihre eigenen Taschen, auf den Webstuhl kam kein Faden, aber sie fuhren fort, wie bisher an den leeren Stühlen zu arbeiten.	20,21
Lit_EmperorClothes	After a short while, the emperor sent another worthy official to them to see how the weaving was coming along, and if the cloth would soon be ready. Exactly the same thing happened as with the former one: he looked and looked, but since there was nothing apart from the empty loom, he couldn’t see anything.	Der Kaiser sandte bald wieder einen anderen tüchtigen Staatsmann hin, um zu sehen, wie es mit dem Weben stehe und ob das Zeug bald fertig sei; es ging ihm aber gerade wie dem ersten, er guckte und guckte; weil aber außer dem Webstuhl nichts da war, so konnte er nichts sehen.	22
Lit_EmperorClothes	‘Yes, isn’t it an exquisite piece of cloth!’ both the swindlers said, and they showed and explained to him the delightful patterns that were not there at all.	Ist das nicht ein ganz besonders prächtiges und hübsches Stück Zeug? fragten die beiden Betrüger und zeigten und erklärten das prächtige Muster, das gar nicht da war.	23
Lit_EmperorClothes	‘I’m not stupid!’ the man thought, ‘so is it my office that I’m unfit for? That’s odd enough! But I mustn’t let anybody notice that!’ and he praised the cloth he couldn’t see, and assured them how pleased he was with the lovely colours and the wonderful pattern. ‘It’s simply ever so delightful!’ he said to the emperor.	",Dumm bin ich nicht', dachte der Mann; es ist also mein gutes Amt, zu dem ich nicht tauge! Das wäre seltsam genug, aber das muß man sich nicht merken lassen!' Daher lobte er das Zeug, das er nicht sah, und versicherte ihnen seine Freude über die schönen Farben und das herrliche Muster. ""Ja, es ist ganz allerliebst!"" sagte er zum Kaiser."	23,24,25
Lit_EmperorClothes	Everyone in the city talked about the magnificent cloth. Now the emperor wanted to see for himself while it was still on the loom. With a whole host of distinguished men, which included the two worthy officials who had been there before, he went to both of the cunning swindlers who were now weaving with all their might, but without a single thread.	Alle Menschen in der Stadt sprachen von dem prächtigen Zeuge. Nun wollte der Kaiser es selbst sehen, während es noch auf dem Webstuhl sei. Mit einer ganzen Schar auserwählter Männer, unter denen auch die beiden ehrlichen Staatsmänner waren, die schon früher dagewesen, ging er zu den beiden listigen Betrügern hin, die nun aus allen Kräften webten, aber ohne Faser oder Faden.	26,27,28
Lit_EmperorClothes	‘Yes, is it not magnifique!’ both the worthy officials said. ‘Perhaps His Majesty would look at what patterns, what colours we have here!’ and they pointed at the empty loom, for they believed that the others could surely see the cloth.	"Ja, ist das nicht prächtig? sagten die beiden ehrlichen Staatsmänner. ""Wollen Eure Majestät sehen, welches Muster, welche Farben?"" und dann zeigten sie auf den leeren Webstuhl, denn sie glaubten, daß die andern das Zeug wohl sehen könnten."	29,30
Lit_EmperorClothes	‘What’s all this?!’ the emperor thought, ‘I can’t see a thing! But this is terrible! Am I stupid? Am I unfit to be emperor? That would be the worst possible thing that could befall me!’ ‘Oh, it’s extremely beautiful!,’ the emperor said, ‘it has my highest approval!’ and he nodded contentedly and gazed at the empty loom – he didn’t want to say that he couldn’t see anything. The whole retinue he had with him looked and looked, but they got nothing more out of it than all the others, although they said, just like the emperor, ‘oh, it’s very beautiful!’ and they advised him to wear these wonderful new clothes for the first time at the great procession that was about to take place. ‘It’s magnifique! Exquisite, excellent!’ went from mouth to mouth, and everyone was extremely pleased about it. The emperor gave each of the swindlers a cross of the order of chivalry to hang in his buttonhole and the title of squire of the loom.	",Was!' dachte der Kaiser; ich sehe gar nichts! Das ist ja erschrecklich! Bin ich dumm? Tauge ich nicht dazu, Kaiser zu sein? Das wäre das Schrecklichste, was mir begegnen könnte.' ""Oh, es ist sehr hübsch"", sagte er; ""es hat meinen allerhöchsten Beifall!"" und er nickte zufrieden und betrachtete den leeren Webstuhl; er wollte nicht sagen, daß er nichts sehen könne. Das ganze Gefolge, was er mit sich hatte, sah und sah, aber es bekam nicht mehr heraus als alle die andern, aber sie sagten gleich wie der Kaiser: ""Oh, das ist hübsch!' und sie rieten ihm, diese neuen prächtigen Kleider das erste Mal bei dem großen Feste, das bevorstand, zu tragen. ""Es ist herrlich, niedlich, ausgezeichnet!"" ging es von Mund zu Mund, und man schien allerseits innig erfreut darüber. Der Kaiser verlieh jedem der Betrüger ein Ritterkreuz, um es in das Knopfloch zu hängen, und den Titel Hofweber."	31,32,33,34,35
Lit_EmperorClothes	The whole night before the morning of the procession the swindlers sat up and had more than sixteen candles lit. People could see they were busy getting the emperor’s new clothes finished. They pretended to take the cloth from the weave, they snipped in the air with large scissors, they sewed with sewing needles without thread and finally said: ‘Just look, now the clothes are ready!’	"Die ganze Nacht vor dem Morgen, an dem das Fest stattfinden sollte, waren die Betrüger auf und hatten sechzehn Lichte angezündet, damit man sie auch recht gut bei ihrer Arbeit beobachten konnte. Die Leute konnten sehen, daß sie stark beschäftigt waren, des Kaisers neue Kleider fertigzumachen. Sie taten, als ob sie das Zeug aus dem Webstuhl nähmen, sie schnitten in die Luft mit großen Scheren, sie nähten mit Nähnadeln ohne Faden und sagten zuletzt: ""Sieh, nun sind die Kleider fertig!"""	36,37,38
Lit_EmperorClothes	The emperor, with his gentlemen in waiting, came to see for himself and both the swindlers raised one arm in the air as if they were holding something and said: ‘Look, here are the trousers! Here is the dress coat! Here the cloak!’ and so on and so forth. ‘It’s as light as gossamer! One would almost think one was wearing nothing at all, but that of course is its special virtue!’	"Der Kaiser mit seinen vornehmsten Beamten kam selbst, und beide Betrüger hoben den einen Arm in die Höhe, gerade, als ob sie etwas hielten, und sagten: ""Seht, hier sind die Beinkleider, hier ist das Kleid, hier ist der Mantel!"" und so weiter. ""Es ist so leicht wie Spinnwebe; man sollte glauben, man habe nichts auf dem Körper, aber das ist gerade die Schönheit dabei!"""	2,3,9
Lit_EmperorClothes	‘Yes,’ all the gentlemen in waiting said, but they couldn’t see anything because there wasn’t anything to see.	Ja! sagten alle Beamten, aber sie konnten nichts sehen, denn es war nichts da.	39
Lit_EmperorClothes	‘If His Imperial Majesty would now be kind enough to remove His clothes, we will put on His new ones over here in front of the great mirror!’	"Belieben Eure Kaiserliche Majestät Ihre Kleider abzulegen, sagten die Betrüger, ""so wollen wir Ihnen die neuen hier vor dem großen Spiegel anziehen!"""	40
Lit_EmperorClothes	The emperor took off all his clothes, and the swindlers behaved as if they were putting on each item of the new clothes they said had been sewn, and the emperor turned this way and that in front of the mirror.	Der Kaiser legte seine Kleider ab, und die Betrüger stellten sich, als ob sie ihm ein jedes Stück der neuen Kleider anzogen, die fertig genäht sein sollten, und der Kaiser wendete und drehte sich vor dem Spiegel.	41
Lit_EmperorClothes	‘Good heavens, how well they suit Your Majesty! What a perfect fit they are!’ they all said. ‘What a pattern! What colours! It is a gorgeous costume!’	"Ei, wie gut sie kleiden, wie herrlich sie sitzen! sagten alle. ""Welches Muster, welche Farben! Das ist ein kostbarer Anzug!"" –"	42
Lit_EmperorClothes	‘They are standing outside with the royal canopy to be borne above Your Majesty in the procession,’ the head master of ceremonies said.	Draußen stehen sie mit dem Thronhimmel, der über Eurer Majestät getragen werden soll! meldete der Oberzeremonienmeister.	42
Lit_EmperorClothes	‘Yes, well, now I’m really dressed for it!’ the emperor said. ‘Don’t they sit well on me?’ and turned an extra time in front of the mirror! For now it was to seem as if he really was contemplating his finery.	"Seht, ich bin ja fertig! sagte der Kaiser. ""Sitzt es nicht gut?"" und dann wendete er sich nochmals zu dem Spiegel; denn es sollte scheinen, als ob er seine Kleider recht betrachte."	42,43,44
Lit_EmperorClothes	His chamberlains, who were to bear his train, groped along the floor with their hands, as if they were picking up the train, they walked forward holding the air, they didn’t dare let anyone notice that they couldn’t see anything.	Die Kammerherren, die das Recht hatten, die Schleppe zu tragen, griffen mit den Händen gegen den Fußboden, als ob sie die Schleppe aufhöben, sie gingen und taten, als hielten sie etwas in der Luft; sie wagten es nicht, es sich merken zu lassen, daß sie nichts sehen konnten.	45
Lit_EmperorClothes	Then the emperor walked in procession under the lovely canopy and everyone in the street and at the windows said: ‘Good heavens, how incomparable the emperor’s clothes are! What a delightful train his dress coat has! What a marvellous fit!’ No one wanted anyone to notice that he couldn’t see anything, for then he would have been unfit for his office, or have been very stupid. None of the emperor’s previous clothes had ever been such a success.	"So ging der Kaiser unter dem prächtigen Thronhimmel, und alle Menschen auf der Straße und in den Fenstern sprachen: ""Wie sind des Kaisers neue Kleider unvergleichlich! Welche Schleppe er am Kleide hat! Wie schön sie sitzt!"" Keiner wollte es sich merken lassen, daß er nichts sah; denn dann hätte er ja nicht zu seinem Amte getaugt oder wäre sehr dumm gewesen. Keine Kleider des Kaisers hatten solches Glück gemacht wie diese."	46,47
Lit_EmperorClothes	‘But he hasn’t got anything on!’ a small child said. ‘Good gracious, just listen to the innocent child,’ his father said; and each person whispered to the next one what the child had said.	"Aber er hat ja gar nichts an! sagte endlich ein kleines Kind. ""Hört die Stimme der Unschuld!"" sagte der Vater; und der eine zischelte dem andern zu, was das Kind gesagt hatte."	48,49